Property Name,Price (€),Description,Address,Phone Number,Image URL,Website Name,Expired
Dieudonné (60530),222000,"Une maison moderne et confortable, pensée pour vous – Un cadre de vie idéal pour votre famille 

Disponible de 2 à 7 chambres, cette maison neuve s'adapte à tous les styles de vie en offrant espace, confort et technologies modernes :
- Grande pièce de vie lumineuse avec cuisine ouverte ou fermée  
- Jusqu'à 7 chambres, dont une suite parentale avec salle d'eau selon modèle  
- Système de ventilation premium avec option climatisation ou poêle à granulés pour un confort thermique optimal  
- Domotique intégrée pour gérer chauffage, volets et éclairage à distance  
- Jardin privatif, avec garage ou carport selon configuration

Découvrez Dieudonné – Un village paisible au cœur de l'Oise  
Situé à environ 50 km au nord de Paris, Dieudonné est un charmant village offrant un cadre de vie serein, idéal pour ceux qui recherchent la tranquillité tout en restant proches des commodités.  
Les atouts de Dieudonné :  
- Environnement naturel préservé, entouré de paysages verdoyants propices aux promenades et aux activités de plein air  
- Proximité des services avec les communes voisines comme Neuilly-en-Thelle et Méru, offrant commerces, services de santé et établissements scolaires  
- Accessibilité facilitée grâce à la proximité des axes routiers permettant des déplacements aisés vers les grandes villes environnantes  
Vivre à Dieudonné, c'est choisir un cadre de vie serein, en harmonie avec la nature, tout en restant connecté aux commodités essentielles.

Prenez rendez-vous dès maintenant et ne manquez pas cette opportunité unique de devenir propriétaire dans un cadre privilégié. 
Contactez-moi dès aujourd'hui pour en savoir plus et discuter de votre projet.  
Mathieu",Dieudonné (60530),06 46 23 78 70,https://v.seloger.com/s/width/900/visuels/2/7/l/1/27l116dve9th4zgsfe8a9og76n33w78edmtiusjgg.jpg,Seloger,False
Bailleul-sur-Thérain (60930),193900,"Une maison moderne et confortable, pensée pour vous – Un cadre de vie idéal pour votre famille 

Disponible de 2 à 7 chambres, cette maison neuve s'adapte à tous les styles de vie en offrant espace, confort et technologies modernes :
- Grande pièce de vie lumineuse avec cuisine ouverte ou fermée  
- Jusqu'à 7 chambres, dont une suite parentale avec salle d'eau selon modèle  
- Système de ventilation premium avec option climatisation ou poêle à granulés pour un confort thermique optimal  
- Domotique intégrée pour gérer chauffage, volets et éclairage à distance  
- Jardin privatif, avec garage ou carport selon configuration

Découvrez Bailleul-sur-Thérain – Un village dynamique au cœur de l'Oise 
Situé à environ 10 km à l'est de Beauvais, Bailleul-sur-Thérain offre un cadre de vie agréable, alliant tranquillité rurale et commodités modernes.  
Les atouts de Bailleul-sur-Thérain :  
- Environnement naturel préservé avec la rivière Thérain, idéal pour les balades et activités de plein air  
- Vie locale dynamique avec des associations et événements favorisant la convivialité  
- Présence de commerces, services de santé et établissements scolaires pour un quotidien facilité  
- Accessibilité optimale grâce à la proximité de Beauvais et des grands axes routiers  
Vivre à Bailleul-sur-Thérain, c'est profiter d'un cadre paisible tout en bénéficiant des avantages d'une commune dynamique et bien desservie.

Prenez rendez-vous dès maintenant et ne manquez pas cette opportunité unique de devenir propriétaire dans un cadre privilégié. 
Contactez-moi dès aujourd'hui pour en savoir plus et discuter de votre projet.  
Mathieu",Bailleul-sur-Thérain (60930),06 46 23 78 70,https://v.seloger.com/s/width/900/visuels/2/7/l/1/27l116dve9th4zgsfe8a9og76n33w78edmtiusjgg.jpg,Seloger,False
Pisseleu (60860),178400,"Une maison moderne et confortable, pensée pour vous – Un cadre de vie idéal pour votre famille 

Disponible de 2 à 7 chambres, cette maison neuve s'adapte à tous les styles de vie en offrant espace, confort et technologies modernes :
- Grande pièce de vie lumineuse avec cuisine ouverte ou fermée  
- Jusqu'à 7 chambres, dont une suite parentale avec salle d'eau selon modèle  
- Système de ventilation premium avec option climatisation ou poêle à granulés pour un confort thermique optimal  
- Domotique intégrée pour gérer chauffage, volets et éclairage à distance  
- Jardin privatif, avec garage ou carport selon configuration

Découvrez Pisseleu – Un village paisible au cœur de l'Oise  
Situé dans le département de l'Oise, Pisseleu est une commune qui offre un cadre de vie serein, idéal pour ceux qui recherchent la tranquillité et la proximité avec la nature.  
Les atouts de Pisseleu :  
- Environnement naturel préservé, parfait pour les promenades et les activités de plein air  
- Patrimoine local avec une église et des bâtiments témoignant de l'histoire de la région  
- Vie locale conviviale avec des événements et des activités favorisant le lien entre les habitants  
- Proximité des services avec les communes voisines offrant commerces, services de santé et établissements scolaires  
- Accessibilité facilitée par la proximité des axes routiers permettant des déplacements rapides vers les grandes villes environnantes  
Vivre à Pisseleu, c'est profiter d'un cadre de vie serein, en harmonie avec la nature, tout en restant connecté aux commodités essentielles.

Prenez rendez-vous dès maintenant et ne manquez pas cette opportunité unique de devenir propriétaire dans un cadre privilégié. 
Contactez-moi dès aujourd'hui pour en savoir plus et discuter de votre projet.  
Mathieu",Pisseleu (60860),06 46 23 78 70,https://v.seloger.com/s/width/900/visuels/2/7/w/0/27w0tgvqazjgxbwhw6t4f7loemjf1or5pexecdz7k.jpg,Seloger,False
Saint-Paul (60650),260317,"Une maison moderne et confortable, pensée pour vous – Un cadre de vie idéal pour votre famille 

Disponible de 2 à 7 chambres, cette maison neuve s'adapte à tous les styles de vie en offrant espace, confort et technologies modernes :
- Grande pièce de vie lumineuse avec cuisine ouverte ou fermée  
- Jusqu'à 7 chambres, dont une suite parentale avec salle d'eau selon modèle  
- Système de ventilation premium avec option climatisation ou poêle à granulés pour un confort thermique optimal  
- Domotique intégrée pour gérer chauffage, volets et éclairage à distance  
- Jardin privatif, avec garage ou carport selon configuration

Découvrez Saint-Paul – Un village dynamique aux portes de Beauvais  
Situé à seulement 5 km à l'ouest de Beauvais, Saint-Paul allie charme rural et dynamisme local, offrant un cadre de vie agréable à ses habitants.  
Les atouts de Saint-Paul :  
- Environnement naturel préservé, traversé par l'Avelon et entouré de paysages verdoyants propices aux promenades et aux activités de plein air  
- Patrimoine historique avec son église et son ancienne abbaye, témoins de l'histoire locale  
- Vie locale dynamique avec des associations culturelles et sportives, ainsi que des événements tout au long de l'année  
- Attractions familiales avec le Parc Saint-Paul, un parc d'attractions offrant une quarantaine d'activités et spectacles  
- Proximité des services avec Beauvais à quelques minutes, permettant un accès rapide aux commerces, services de santé et établissements scolaires  
- Accessibilité facilitée grâce aux axes routiers principaux permettant des déplacements rapides vers les grandes villes environnantes  
Vivre à Saint-Paul, c'est profiter d'un cadre de vie serein, entre nature, patrimoine et dynamisme, tout en bénéficiant de la proximité d'une grande ville.

Prenez rendez-vous dès maintenant et ne manquez pas cette opportunité unique de devenir propriétaire dans un cadre privilégié. 
Contactez-moi dès aujourd'hui pour en savoir plus et discuter de votre projet.  
Mathieu",Saint-Paul (60650),06 46 23 78 70,https://v.seloger.com/s/width/900/visuels/2/7/w/0/27w0tgvqazjgxbwhw6t4f7loemjf1or5pexecdz7k.jpg,Seloger,False
Éragny-sur-Epte (60590),198090,"Une maison moderne et confortable, pensée pour vous – Un cadre de vie idéal pour votre famille 

Disponible de 2 à 7 chambres, cette maison neuve s'adapte à tous les styles de vie en offrant espace, confort et technologies modernes :
- Grande pièce de vie lumineuse avec cuisine ouverte ou fermée  
- Jusqu'à 7 chambres, dont une suite parentale avec salle d'eau selon modèle  
- Système de ventilation premium avec option climatisation ou poêle à granulés pour un confort thermique optimal  
- Domotique intégrée pour gérer chauffage, volets et éclairage à distance  
- Jardin privatif, avec garage ou carport selon configuration

Découvrez Éragny-sur-Epte – Un village au charme authentique et à la nature préservée  
Situé à la frontière de l'Oise et de l'Eure, Éragny-sur-Epte séduit par son environnement naturel et son patrimoine historique. Traversé par l'Epte, il offre un cadre de vie paisible, idéal pour les amoureux de la nature.  
Les atouts d'Éragny-sur-Epte :  
- Cadre naturel privilégié avec des paysages verdoyants, parfaits pour les promenades et les activités de plein air  
- Patrimoine historique avec un manoir ancien, autrefois résidence des Princes de Conti  
- Proximité des services avec Gisors à seulement 5 kilomètres, offrant commerces, écoles et services de santé  
- Accessibilité facilitée grâce à la RD 915, assurant une liaison rapide vers Gisors et les grandes villes environnantes  
Vivre à Éragny-sur-Epte, c'est profiter d'un cadre serein et naturel, tout en restant proche des commodités essentielles.  

Prenez rendez-vous dès maintenant et ne manquez pas cette opportunité unique de devenir propriétaire dans un cadre privilégié. 
Contactez-moi dès aujourd'hui pour en savoir plus et discuter de votre projet.  
Mathieu",Éragny-sur-Epte (60590),06 46 23 78 70,https://v.seloger.com/s/width/900/visuels/1/f/d/0/1fd0ec961p721m7eb7evgxuhuqrlpn1xcvgrzi7vc.jpg,Seloger,False
Corbie (80800),168600,"Une maison moderne et confortable, pensée pour vous – Un cadre de vie idéal pour votre famille 

Disponible de 2 à 7 chambres, cette maison neuve s'adapte à tous les styles de vie en offrant espace, confort et technologies modernes :
- Grande pièce de vie lumineuse avec cuisine ouverte ou fermée  
- Jusqu'à 7 chambres, dont une suite parentale avec salle d'eau selon modèle  
- Système de ventilation premium avec option climatisation ou poêle à granulés pour un confort thermique optimal  
- Domotique intégrée pour gérer chauffage, volets et éclairage à distance  
- Jardin privatif, avec garage ou carport selon configuration

Découvrez Corbie – Un cadre de vie alliant histoire et dynamisme  
Située à 17 km à l'est d'Amiens, Corbie séduit par son riche patrimoine et son cadre de vie agréable. Traversée par le canal de la Somme, elle offre un environnement naturel propice aux promenades et aux activités de plein air.  
Les atouts de Corbie :  
- Patrimoine historique remarquable avec l'Abbatiale Saint-Pierre, témoin de son passé prestigieux  
- Dynamisme culturel et associatif avec plus de 60 associations sportives, culturelles et sociales  
- Commerces, écoles, collèges, lycée et services de santé pour un quotidien facilité  
- Gare sur place, permettant des déplacements rapides vers Amiens et les environs  
Vivre à Corbie, c'est profiter d'une ville qui allie héritage historique, nature et commodités modernes, dans un cadre paisible et accueillant.

Prenez rendez-vous dès maintenant et ne manquez pas cette opportunité unique de devenir propriétaire dans un cadre privilégié. 
Contactez-moi dès aujourd'hui pour en savoir plus et discuter de votre projet.  
Mathieu",Corbie (80800),06 46 23 78 70,https://v.seloger.com/s/width/900/visuels/1/f/d/0/1fd0ec961p721m7eb7evgxuhuqrlpn1xcvgrzi7vc.jpg,Seloger,False
Vismes (80140),162800,"Une maison moderne et confortable, pensée pour vous – Un cadre de vie idéal pour votre famille 

Disponible de 2 à 7 chambres, cette maison neuve s'adapte à tous les styles de vie en offrant espace, confort et technologies modernes :
- Grande pièce de vie lumineuse avec cuisine ouverte ou fermée  
- Jusqu'à 7 chambres, dont une suite parentale avec salle d'eau selon modèle  
- Système de ventilation premium avec option climatisation ou poêle à granulés pour un confort thermique optimal  
- Domotique intégrée pour gérer chauffage, volets et éclairage à distance  
- Jardin privatif, avec garage ou carport selon configuration

Découvrez Vismes – Un havre de paix en pleine nature  
Située dans la Somme, Vismes séduit par son environnement naturel préservé et son ambiance paisible. Entourée de paysages verdoyants, elle offre un cadre de vie idéal pour ceux qui recherchent calme et sérénité.  
Les atouts de Vismes :  
- Cadre naturel privilégié avec vastes espaces agricoles et zones boisées, propices aux promenades et aux activités de plein air  
- Village calme composé essentiellement de maisons individuelles, garantissant un cadre de vie serein et sécurisé  
- Proximité des services avec les communes voisines d'Oisemont et de Blangy-sur-Bresle, offrant commerces, services de santé et établissements scolaires  
- Accessibilité facilitée par la proximité de l'autoroute A28 et de la RD936, permettant des déplacements aisés vers les grandes villes environnantes  
Vivre à Vismes, c'est profiter d'un cadre naturel paisible tout en restant proche des commodités essentielles.

Prenez rendez-vous dès maintenant et ne manquez pas cette opportunité unique de devenir propriétaire dans un cadre privilégié. 
Contactez-moi dès aujourd'hui pour en savoir plus et discuter de votre projet.  
Mathieu",Vismes (80140),06 46 23 78 70,https://v.seloger.com/s/width/900/visuels/1/f/d/0/1fd0ec961p721m7eb7evgxuhuqrlpn1xcvgrzi7vc.jpg,Seloger,False
Bresles (60510),203900,"Une maison moderne et confortable, pensée pour vous – Un cadre de vie idéal pour votre famille 

Disponible de 2 à 7 chambres, cette maison neuve s'adapte à tous les styles de vie en offrant espace, confort et technologies modernes :
- Grande pièce de vie lumineuse avec cuisine ouverte ou fermée  
- Jusqu'à 7 chambres, dont une suite parentale avec salle d'eau selon modèle  
- Système de ventilation premium avec option climatisation ou poêle à granulés pour un confort thermique optimal  
- Domotique intégrée pour gérer chauffage, volets et éclairage à distance  
- Jardin privatif, avec garage ou carport selon configuration

Découvrez Bresles – Un cadre de vie pratique et agréable  
À seulement 15 km de Beauvais et proche de l'aéroport de Beauvais-Tillé, Bresles offre un équilibre parfait entre calme, nature et commodités. Cette commune dynamique séduit par son environnement verdoyant tout en garantissant un quotidien facilité.  
Bresles dispose de toutes les infrastructures essentielle* pour une vie confortable : écoles, collège, commerces, services médicaux et équipements sportifs. Son marché local, ses commerces de proximité et ses associations actives participent à une vie de village animée et conviviale.  
Côté transports, la commune bénéficie d'un accès rapide aux grands axes routiers et d'une proximité avec Beauvais et Creil, facilitant les trajets professionnels et personnels.  
Vivre à Bresles, c'est profiter d'un cadre de vie serein, idéal pour les familles et ceux en quête d'un environnement agréable sans s'éloigner des services essentiels.

Prenez rendez-vous dès maintenant et ne manquez pas cette opportunité unique de devenir propriétaire dans un cadre privilégié. 
Contactez-moi dès aujourd'hui pour en savoir plus et discuter de votre projet.  
Mathieu",Bresles (60510),06 46 23 78 70,https://v.seloger.com/s/width/900/visuels/1/f/d/0/1fd0ec961p721m7eb7evgxuhuqrlpn1xcvgrzi7vc.jpg,Seloger,False
Milly-sur-Thérain (60112),198900,"Une maison moderne et confortable, pensée pour vous – Un cadre de vie idéal pour votre famille 

Disponible de 2 à 7 chambres, cette maison neuve s'adapte à tous les styles de vie en offrant espace, confort et technologies modernes :
- Grande pièce de vie lumineuse avec cuisine ouverte ou fermée  
- Jusqu'à 7 chambres, dont une suite parentale avec salle d'eau selon modèle  
- Système de ventilation premium avec option climatisation ou poêle à granulés pour un confort thermique optimal  
- Domotique intégrée pour gérer chauffage, volets et éclairage à distance  
- Jardin privatif, avec garage ou carport selon configuration

Découvrez Milly-sur-Thérain – Un village pittoresque au cœur de l'Oise  
Situé à environ 10 km au nord-ouest de Beauvais, Milly-sur-Thérain allie charme rural et dynamisme local, offrant un cadre de vie agréable à ses habitants.  
Les atouts de Milly-sur-Thérain :  
- Environnement naturel préservé avec la rivière Thérain et ses étangs, propices aux promenades et aux activités de plein air  
- Patrimoine historique avec une église datant des XI? et XII? siècles, témoin du riche passé de la commune  
- Vie locale dynamique avec des associations culturelles et sportives, ainsi que des événements tout au long de l'année  
- Proximité des services avec Beauvais à quelques minutes, offrant commerces, services de santé et établissements scolaires  
- Accessibilité facilitée par la présence d'une gare reliant Beauvais et Le Tréport, ainsi qu'un accès rapide aux axes routiers  
Vivre à Milly-sur-Thérain, c'est profiter d'un cadre de vie serein, entre nature et patrimoine, tout en restant proche des commodités essentielles.

Prenez rendez-vous dès maintenant et ne manquez pas cette opportunité unique de devenir propriétaire dans un cadre privilégié. 
Contactez-moi dès aujourd'hui pour en savoir plus et discuter de votre projet.  
Mathieu",Milly-sur-Thérain (60112),06 46 23 78 70,https://v.seloger.com/s/width/900/visuels/2/7/w/0/27w0tgvqazjgxbwhw6t4f7loemjf1or5pexecdz7k.jpg,Seloger,False
Beauvais (60000),217000,"Une maison moderne et confortable, pensée pour vous – Un cadre de vie idéal pour votre famille 

Disponible de 2 à 7 chambres, cette maison neuve s'adapte à tous les styles de vie en offrant espace, confort et technologies modernes :
- Grande pièce de vie lumineuse avec cuisine ouverte ou fermée  
- Jusqu'à 7 chambres, dont une suite parentale avec salle d'eau selon modèle  
- Système de ventilation premium avec option climatisation ou poêle à granulés pour un confort thermique optimal  
- Domotique intégrée pour gérer chauffage, volets et éclairage à distance  
- Jardin privatif, avec garage ou carport selon configuration

Découvrez Beauvais – Une ville historique et dynamique au cœur des Hauts-de-France  
Beauvais, préfecture de l'Oise, allie patrimoine historique, vie culturelle riche et environnement naturel préservé, offrant un cadre de vie agréable à ses habitants.  
Les atouts de Beauvais :  
- Patrimoine historique avec la cathédrale Saint-Pierre, chef-d'œuvre de l'architecture gothique possédant le chœur gothique le plus haut du monde  
- Environnement naturel traversé par le Thérain et l'Avelon, offrant des espaces verts propices aux promenades et aux activités de plein air  
- Vie culturelle dynamique avec de nombreux événements tout au long de l'année et des infrastructures modernes comme le centre commercial du Jeu de Paume et la place Jeanne Hachette récemment réaménagée  
- Proximité des services avec tous les équipements administratifs, médicaux et éducatifs nécessaires au quotidien  
- Accessibilité facilitée grâce à son aéroport international et son réseau de transports en commun, permettant des déplacements aisés vers Paris et les grandes villes européennes  
Vivre à Beauvais, c'est profiter d'un cadre de vie harmonieux, entre histoire, culture et nature, tout en bénéficiant des commodités d'une grande ville.

Prenez rendez-vous dès maintenant et ne manquez pas cette opportunité unique de devenir propriétaire dans un cadre privilégié. 
Contactez-moi dès aujourd'hui pour en savoir plus et discuter de votre projet.  
Mathieu",Beauvais (60000),06 46 23 78 70,https://v.seloger.com/s/width/900/visuels/2/7/w/0/27w0tgvqazjgxbwhw6t4f7loemjf1or5pexecdz7k.jpg,Seloger,False
